step,loss,loss_clean,loss_phone,lr,sec_per_step,elapsed_s
25,0.18663,0.18663,nan,8.67e-06,0.258,6
50,0.12490,0.12490,nan,1.70e-05,0.200,11
75,0.09766,0.09766,nan,2.53e-05,0.201,16
100,0.09201,0.09201,nan,3.37e-05,0.198,21
125,0.08014,0.08014,nan,4.20e-05,0.201,26
150,0.08400,0.08400,nan,5.03e-05,0.196,31
175,0.07773,0.07773,nan,5.87e-05,0.196,36
200,0.07312,0.07312,nan,6.70e-05,0.200,41
225,0.06528,0.06528,nan,7.53e-05,0.198,46
250,0.06700,0.06700,nan,8.37e-05,0.197,51
275,0.06628,0.06628,nan,9.20e-05,0.193,56
300,0.06710,0.06710,nan,1.00e-04,0.192,61
325,0.06561,0.06561,nan,1.00e-04,0.197,66
350,0.05870,0.05870,nan,1.00e-04,0.192,70
375,0.05767,0.05767,nan,1.00e-04,0.197,75
400,0.06004,0.06004,nan,1.00e-04,0.195,80
425,0.05816,0.05816,nan,1.00e-04,0.198,85
450,0.05043,0.05043,nan,1.00e-04,0.194,90
475,0.05254,0.05254,nan,1.00e-04,0.196,95
500,0.05018,0.05018,nan,1.00e-04,0.196,100
525,0.04859,0.04859,nan,1.00e-04,0.193,105
550,0.05084,0.05084,nan,1.00e-04,0.197,110
575,0.04635,0.04635,nan,1.00e-04,0.199,115
600,0.05087,0.05087,nan,1.00e-04,0.192,119
625,0.04819,0.04819,nan,1.00e-04,0.189,124
650,0.04943,0.04943,nan,1.00e-04,0.201,129
675,0.04829,0.04829,nan,1.00e-04,0.187,134
700,0.04756,0.04756,nan,1.00e-04,0.188,139
725,0.04713,0.04713,nan,1.00e-04,0.187,143
750,0.04689,0.04689,nan,1.00e-04,0.187,148
775,0.04729,0.04729,nan,1.00e-04,0.187,153
800,0.04534,0.04534,nan,1.00e-04,0.187,157
825,0.04537,0.04537,nan,1.00e-04,0.188,162
850,0.04663,0.04663,nan,1.00e-04,0.187,167
875,0.04716,0.04716,nan,1.00e-04,0.187,171
900,0.04422,0.04422,nan,1.00e-04,0.187,176
925,0.04652,0.04652,nan,1.00e-04,0.187,181
950,0.04504,0.04504,nan,1.00e-04,0.187,185
975,0.04726,0.04726,nan,1.00e-04,0.187,190
1000,0.04228,0.04228,nan,1.00e-04,0.187,195
1025,0.04310,0.04310,nan,1.00e-04,0.187,199
1050,0.04245,0.04245,nan,1.00e-04,0.188,204
1075,0.04106,0.04106,nan,1.00e-04,0.187,209
1100,0.03966,0.03966,nan,1.00e-04,0.187,213
1125,0.04236,0.04236,nan,1.00e-04,0.188,218
1150,0.04481,0.04481,nan,1.00e-04,0.187,223
1175,0.04359,0.04359,nan,1.00e-04,0.188,227
1200,0.04364,0.04364,nan,1.00e-04,0.187,232
1225,0.04047,0.04047,nan,1.00e-04,0.187,237
1250,0.04287,0.04287,nan,1.00e-04,0.187,241
1275,0.04192,0.04192,nan,1.00e-04,0.186,246
1300,0.04254,0.04254,nan,1.00e-04,0.188,251
1325,0.04422,0.04422,nan,1.00e-04,0.187,256
1350,0.04298,0.04298,nan,1.00e-04,0.187,260
1375,0.04047,0.04047,nan,1.00e-04,0.187,265
1400,0.04336,0.04336,nan,1.00e-04,0.188,270
1425,0.04050,0.04050,nan,1.00e-04,0.187,274
1450,0.03937,0.03937,nan,1.00e-04,0.186,279
1475,0.04047,0.04047,nan,1.00e-04,0.187,284
1500,0.04312,0.04312,nan,1.00e-04,0.187,288
1525,0.04158,0.04158,nan,1.00e-04,0.186,293
1550,0.04175,0.04175,nan,1.00e-04,0.186,298
1575,0.04022,0.04022,nan,1.00e-04,0.188,302
1600,0.04060,0.04060,nan,1.00e-04,0.187,307
1625,0.03913,0.03913,nan,1.00e-04,0.187,312
1650,0.03831,0.03831,nan,1.00e-04,0.186,316
1675,0.04038,0.04038,nan,1.00e-04,0.186,321
1700,0.03805,0.03805,nan,1.00e-04,0.186,326
1725,0.04204,0.04204,nan,1.00e-04,0.186,330
1750,0.04017,0.04017,nan,1.00e-04,0.187,335
1775,0.03941,0.03941,nan,1.00e-04,0.188,340
1800,0.03746,0.03746,nan,1.00e-04,0.187,344
1825,0.03797,0.03797,nan,1.00e-04,0.187,349
1850,0.03756,0.03756,nan,1.00e-04,0.188,354
1875,0.03806,0.03806,nan,1.00e-04,0.187,358
1900,0.03593,0.03593,nan,1.00e-04,0.187,363
1925,0.03753,0.03753,nan,1.00e-04,0.187,368
1950,0.03701,0.03701,nan,1.00e-04,0.187,372
1975,0.03988,0.03988,nan,1.00e-04,0.188,377
2000,0.03884,0.03884,nan,1.00e-04,0.188,382
2025,0.03625,0.03625,nan,1.00e-04,0.187,386
2050,0.03722,0.03722,nan,1.00e-04,0.189,391
2075,0.03752,0.03752,nan,1.00e-04,0.187,396
2100,0.03981,0.03981,nan,1.00e-04,0.188,401
2125,0.03369,0.03369,nan,1.00e-04,0.187,405
2150,0.03926,0.03926,nan,1.00e-04,0.188,410
2175,0.03789,0.03789,nan,1.00e-04,0.187,415
2200,0.03685,0.03685,nan,1.00e-04,0.187,419
2225,0.03462,0.03462,nan,1.00e-04,0.186,424
2250,0.03774,0.03774,nan,1.00e-04,0.187,429
2275,0.03570,0.03570,nan,1.00e-04,0.187,433
2300,0.03901,0.03901,nan,1.00e-04,0.188,438
2325,0.03470,0.03470,nan,1.00e-04,0.187,443
2350,0.03936,0.03936,nan,1.00e-04,0.187,447
2375,0.03567,0.03567,nan,1.00e-04,0.188,452
2400,0.03423,0.03423,nan,1.00e-04,0.186,457
2425,0.03586,0.03586,nan,1.00e-04,0.186,461
2450,0.03908,0.03908,nan,1.00e-04,0.188,466
2475,0.03410,0.03410,nan,1.00e-04,0.186,471
2500,0.03500,0.03500,nan,1.00e-04,0.188,475
2525,0.03695,0.03695,nan,1.00e-04,0.475,487
2550,0.03635,0.03635,nan,1.00e-04,0.191,492
2575,0.03506,0.03506,nan,1.00e-04,0.193,497
2600,0.03666,0.03666,nan,1.00e-04,0.195,502
2625,0.03496,0.03496,nan,1.00e-04,0.189,506
2650,0.03592,0.03592,nan,1.00e-04,0.191,511
2675,0.03520,0.03520,nan,1.00e-04,0.194,516
2700,0.03251,0.03251,nan,1.00e-04,0.191,521
2725,0.03454,0.03454,nan,1.00e-04,0.192,526
2750,0.03794,0.03794,nan,1.00e-04,0.187,530
2775,0.03473,0.03473,nan,1.00e-04,0.187,535
2800,0.03622,0.03622,nan,1.00e-04,0.187,540
2825,0.03698,0.03698,nan,1.00e-04,0.186,544
2850,0.03493,0.03493,nan,1.00e-04,0.187,549
2875,0.03739,0.03739,nan,1.00e-04,0.187,554
2900,0.03424,0.03424,nan,1.00e-04,0.187,558
2925,0.03557,0.03557,nan,1.00e-04,0.187,563
2950,0.03404,0.03404,nan,1.00e-04,0.186,568
2975,0.03433,0.03433,nan,1.00e-04,0.186,572
3000,0.03179,0.03179,nan,1.00e-04,0.188,577
3025,0.03400,0.03400,nan,1.00e-04,0.187,582
3050,0.03375,0.03375,nan,1.00e-04,0.186,586
3075,0.03295,0.03295,nan,1.00e-04,0.187,591
3100,0.03677,0.03677,nan,1.00e-04,0.188,596
3125,0.03366,0.03366,nan,1.00e-04,0.187,600
3150,0.03478,0.03478,nan,1.00e-04,0.188,605
3175,0.03213,0.03213,nan,1.00e-04,0.186,610
3200,0.03236,0.03236,nan,1.00e-04,0.187,615
3225,0.03442,0.03442,nan,1.00e-04,0.188,619
3250,0.03489,0.03489,nan,1.00e-04,0.186,624
3275,0.03536,0.03536,nan,1.00e-04,0.187,629
3300,0.03195,0.03195,nan,1.00e-04,0.187,633
3325,0.03154,0.03154,nan,1.00e-04,0.187,638
3350,0.03371,0.03371,nan,1.00e-04,0.187,643
3375,0.03201,0.03201,nan,1.00e-04,0.186,647
3400,0.03174,0.03174,nan,1.00e-04,0.188,652
3425,0.03191,0.03191,nan,1.00e-04,0.187,657
3450,0.03640,0.03640,nan,1.00e-04,0.186,661
3475,0.03535,0.03535,nan,1.00e-04,0.187,666
3500,0.03448,0.03448,nan,1.00e-04,0.186,671
3525,0.03230,0.03230,nan,1.00e-04,0.187,675
3550,0.03264,0.03264,nan,1.00e-04,0.186,680
3575,0.03079,0.03079,nan,1.00e-04,0.186,685
3600,0.03410,0.03410,nan,1.00e-04,0.188,689
3625,0.03109,0.03109,nan,1.00e-04,0.187,694
3650,0.03312,0.03312,nan,1.00e-04,0.187,699
3675,0.03131,0.03131,nan,1.00e-04,0.188,703
3700,0.03071,0.03071,nan,1.00e-04,0.187,708
3725,0.03245,0.03245,nan,1.00e-04,0.187,713
3750,0.03341,0.03341,nan,1.00e-04,0.188,717
3775,0.03358,0.03358,nan,1.00e-04,0.186,722
3800,0.03055,0.03055,nan,1.00e-04,0.187,727
3825,0.03092,0.03092,nan,1.00e-04,0.188,731
3850,0.03130,0.03130,nan,1.00e-04,0.187,736
3875,0.03111,0.03111,nan,1.00e-04,0.187,741
3900,0.02943,0.02943,nan,1.00e-04,0.186,745
3925,0.02913,0.02913,nan,1.00e-04,0.187,750
3950,0.03005,0.03005,nan,1.00e-04,0.188,755
3975,0.02848,0.02848,nan,1.00e-04,0.188,759
4000,0.03113,0.03113,nan,1.00e-04,0.190,764
4025,0.02977,0.02977,nan,1.00e-04,0.189,769
4050,0.03154,0.03154,nan,1.00e-04,0.190,774
4075,0.03203,0.03203,nan,1.00e-04,0.192,778
4100,0.03196,0.03196,nan,1.00e-04,0.190,783
4125,0.03072,0.03072,nan,1.00e-04,0.192,788
4150,0.02940,0.02940,nan,1.00e-04,0.190,793
4175,0.02872,0.02872,nan,1.00e-04,0.190,798
4200,0.03039,0.03039,nan,1.00e-04,0.190,802
4225,0.02972,0.02972,nan,1.00e-04,0.189,807
4250,0.02824,0.02824,nan,1.00e-04,0.189,812
4275,0.02890,0.02890,nan,1.00e-04,0.189,816
4300,0.03041,0.03041,nan,1.00e-04,0.189,821
4325,0.02955,0.02955,nan,1.00e-04,0.190,826
4350,0.02943,0.02943,nan,1.00e-04,0.190,831
4375,0.03105,0.03105,nan,1.00e-04,0.189,835
4400,0.02988,0.02988,nan,1.00e-04,0.189,840
4425,0.02801,0.02801,nan,1.00e-04,0.189,845
4450,0.03086,0.03086,nan,1.00e-04,0.188,850
4475,0.02881,0.02881,nan,1.00e-04,0.189,854
4500,0.02967,0.02967,nan,1.00e-04,0.189,859
4525,0.02979,0.02979,nan,1.00e-04,0.190,864
4550,0.03044,0.03044,nan,1.00e-04,0.188,868
4575,0.03029,0.03029,nan,1.00e-04,0.187,873
4600,0.02937,0.02937,nan,1.00e-04,0.189,878
4625,0.02791,0.02791,nan,1.00e-04,0.190,883
4650,0.02820,0.02820,nan,1.00e-04,0.188,887
4675,0.03024,0.03024,nan,1.00e-04,0.188,892
4700,0.02806,0.02806,nan,1.00e-04,0.188,897
4725,0.02682,0.02682,nan,1.00e-04,0.188,901
4750,0.02743,0.02743,nan,1.00e-04,0.188,906
4775,0.02839,0.02839,nan,1.00e-04,0.187,911
4800,0.02930,0.02930,nan,1.00e-04,0.189,915
4825,0.03036,0.03036,nan,1.00e-04,0.187,920
4850,0.02834,0.02834,nan,1.00e-04,0.189,925
4875,0.02781,0.02781,nan,1.00e-04,0.189,930
4900,0.02786,0.02786,nan,1.00e-04,0.189,934
4925,0.02901,0.02901,nan,1.00e-04,0.189,939
4950,0.02610,0.02610,nan,1.00e-04,0.189,944
4975,0.02799,0.02799,nan,1.00e-04,0.188,948
5000,0.02624,0.02624,nan,1.00e-04,0.189,953
5025,0.02647,0.02647,nan,1.00e-04,0.360,962
5050,0.02710,0.02710,nan,1.00e-04,0.193,967
5075,0.02652,0.02652,nan,1.00e-04,0.191,972
5100,0.02516,0.02516,nan,1.00e-04,0.194,977
5125,0.02692,0.02692,nan,1.00e-04,0.194,982
5150,0.02851,0.02851,nan,1.00e-04,0.191,986
5175,0.02517,0.02517,nan,1.00e-04,0.192,991
5200,0.02480,0.02480,nan,1.00e-04,0.188,996
5225,0.02640,0.02640,nan,1.00e-04,0.193,1001
5250,0.02730,0.02730,nan,1.00e-04,0.192,1005
5275,0.02631,0.02631,nan,1.00e-04,0.188,1010
5300,0.02813,0.02813,nan,1.00e-04,0.190,1015
5325,0.02448,0.02448,nan,1.00e-04,0.190,1020
5350,0.02842,0.02842,nan,1.00e-04,0.195,1024
5375,0.02509,0.02509,nan,1.00e-04,0.191,1029
5400,0.02756,0.02756,nan,1.00e-04,0.192,1034
5425,0.02631,0.02631,nan,1.00e-04,0.194,1039
5450,0.02591,0.02591,nan,1.00e-04,0.192,1044
5475,0.02590,0.02590,nan,1.00e-04,0.193,1049
5500,0.02512,0.02512,nan,1.00e-04,0.194,1053
5525,0.02642,0.02642,nan,1.00e-04,0.192,1058
5550,0.02597,0.02597,nan,1.00e-04,0.191,1063
5575,0.02573,0.02573,nan,1.00e-04,0.192,1068
5600,0.02582,0.02582,nan,1.00e-04,0.192,1073
5625,0.02588,0.02588,nan,1.00e-04,0.191,1077
5650,0.02445,0.02445,nan,1.00e-04,0.190,1082
5675,0.02563,0.02563,nan,1.00e-04,0.189,1087
5700,0.02599,0.02599,nan,1.00e-04,0.190,1092
5725,0.02451,0.02451,nan,1.00e-04,0.189,1096
5750,0.02503,0.02503,nan,1.00e-04,0.190,1101
5775,0.02679,0.02679,nan,1.00e-04,0.188,1106
5800,0.02491,0.02491,nan,1.00e-04,0.189,1110
5825,0.02458,0.02458,nan,1.00e-04,0.189,1115
5850,0.02465,0.02465,nan,1.00e-04,0.188,1120
5875,0.02429,0.02429,nan,1.00e-04,0.187,1125
5900,0.02411,0.02411,nan,1.00e-04,0.189,1129
5925,0.02560,0.02560,nan,1.00e-04,0.189,1134
5950,0.02551,0.02551,nan,1.00e-04,0.189,1139
5975,0.02348,0.02348,nan,1.00e-04,0.188,1143
6000,0.02495,0.02495,nan,1.00e-04,0.186,1148
6025,0.02479,0.02479,nan,1.00e-04,0.190,1153
6050,0.02462,0.02462,nan,1.00e-04,0.188,1158
6075,0.02395,0.02395,nan,1.00e-04,0.187,1162
6100,0.02530,0.02530,nan,1.00e-04,0.188,1167
6125,0.02129,0.02129,nan,1.00e-04,0.187,1172
6150,0.02448,0.02448,nan,1.00e-04,0.189,1176
6175,0.02666,0.02666,nan,1.00e-04,0.188,1181
6200,0.02478,0.02478,nan,1.00e-04,0.187,1186
6225,0.02572,0.02572,nan,1.00e-04,0.189,1190
6250,0.02440,0.02440,nan,1.00e-04,0.187,1195
6275,0.02298,0.02298,nan,1.00e-04,0.187,1200
6300,0.02412,0.02412,nan,1.00e-04,0.188,1204
6325,0.02456,0.02456,nan,1.00e-04,0.188,1209
6350,0.02503,0.02503,nan,1.00e-04,0.188,1214
6375,0.02206,0.02206,nan,1.00e-04,0.188,1219
6400,0.02213,0.02213,nan,1.00e-04,0.187,1223
6425,0.02335,0.02335,nan,1.00e-04,0.189,1228
6450,0.02450,0.02450,nan,1.00e-04,0.186,1233
6475,0.02274,0.02274,nan,1.00e-04,0.189,1237
6500,0.02398,0.02398,nan,1.00e-04,0.189,1242
6525,0.02321,0.02321,nan,1.00e-04,0.187,1247
6550,0.02258,0.02258,nan,1.00e-04,0.188,1251
6575,0.02286,0.02286,nan,1.00e-04,0.187,1256
6600,0.02320,0.02320,nan,1.00e-04,0.189,1261
6625,0.02330,0.02330,nan,1.00e-04,0.190,1266
6650,0.02454,0.02454,nan,1.00e-04,0.190,1270
6675,0.02314,0.02314,nan,1.00e-04,0.191,1275
6700,0.02206,0.02206,nan,1.00e-04,0.190,1280
6725,0.02408,0.02408,nan,1.00e-04,0.188,1285
6750,0.02223,0.02223,nan,1.00e-04,0.189,1289
6775,0.02337,0.02337,nan,1.00e-04,0.187,1294
6800,0.02516,0.02516,nan,1.00e-04,0.188,1299
6825,0.02391,0.02391,nan,1.00e-04,0.189,1303
6850,0.02339,0.02339,nan,1.00e-04,0.187,1308
6875,0.02085,0.02085,nan,1.00e-04,0.189,1313
6900,0.02120,0.02120,nan,1.00e-04,0.187,1318
6925,0.02336,0.02336,nan,1.00e-04,0.187,1322
6950,0.02385,0.02385,nan,1.00e-04,0.190,1327
6975,0.02419,0.02419,nan,1.00e-04,0.187,1332
7000,0.02249,0.02249,nan,1.00e-04,0.189,1336
7025,0.02358,0.02358,nan,1.00e-04,0.188,1341
7050,0.02272,0.02272,nan,1.00e-04,0.187,1346
7075,0.02174,0.02174,nan,1.00e-04,0.187,1350
7100,0.02091,0.02091,nan,1.00e-04,0.188,1355
7125,0.02205,0.02205,nan,1.00e-04,0.187,1360
7150,0.02203,0.02203,nan,1.00e-04,0.189,1365
7175,0.02107,0.02107,nan,1.00e-04,0.187,1369
7200,0.02024,0.02024,nan,1.00e-04,0.187,1374
7225,0.02166,0.02166,nan,1.00e-04,0.189,1379
7250,0.02094,0.02094,nan,1.00e-04,0.187,1383
7275,0.02006,0.02006,nan,1.00e-04,0.188,1388
7300,0.02183,0.02183,nan,1.00e-04,0.188,1393
7325,0.02351,0.02351,nan,1.00e-04,0.187,1397
7350,0.02148,0.02148,nan,1.00e-04,0.188,1402
7375,0.02103,0.02103,nan,1.00e-04,0.186,1407
7400,0.02306,0.02306,nan,1.00e-04,0.187,1411
7425,0.02242,0.02242,nan,1.00e-04,0.187,1416
7450,0.02194,0.02194,nan,1.00e-04,0.187,1421
7475,0.02126,0.02126,nan,1.00e-04,0.187,1425
7500,0.02049,0.02049,nan,1.00e-04,0.188,1430
7525,0.02159,0.02159,nan,1.00e-04,0.362,1439
7550,0.02127,0.02127,nan,1.00e-04,0.194,1444
7575,0.02272,0.02272,nan,1.00e-04,0.193,1449
7600,0.02223,0.02223,nan,1.00e-04,0.194,1454
7625,0.02227,0.02227,nan,1.00e-04,0.188,1458
7650,0.02095,0.02095,nan,1.00e-04,0.190,1463
7675,0.02205,0.02205,nan,1.00e-04,0.190,1468
7700,0.02248,0.02248,nan,1.00e-04,0.189,1473
7725,0.02230,0.02230,nan,1.00e-04,0.189,1477
7750,0.02044,0.02044,nan,1.00e-04,0.189,1482
7775,0.01986,0.01986,nan,1.00e-04,0.188,1487
7800,0.02030,0.02030,nan,1.00e-04,0.188,1491
7825,0.02200,0.02200,nan,1.00e-04,0.186,1496
7850,0.02109,0.02109,nan,1.00e-04,0.187,1501
7875,0.02114,0.02114,nan,1.00e-04,0.187,1505
7900,0.02036,0.02036,nan,1.00e-04,0.187,1510
7925,0.02172,0.02172,nan,1.00e-04,0.188,1515
7950,0.01986,0.01986,nan,1.00e-04,0.187,1519
7975,0.01935,0.01935,nan,1.00e-04,0.186,1524
8000,0.02134,0.02134,nan,1.00e-04,0.188,1529
8025,0.02049,0.02049,nan,1.00e-04,0.186,1533
8050,0.02252,0.02252,nan,1.00e-04,0.188,1538
8075,0.01974,0.01974,nan,1.00e-04,0.187,1543
8100,0.02112,0.02112,nan,1.00e-04,0.187,1547
8125,0.02091,0.02091,nan,1.00e-04,0.188,1552
8150,0.02006,0.02006,nan,1.00e-04,0.187,1557
8175,0.02117,0.02117,nan,1.00e-04,0.187,1562
8200,0.02028,0.02028,nan,1.00e-04,0.189,1566
8225,0.01950,0.01950,nan,1.00e-04,0.187,1571
8250,0.01901,0.01901,nan,1.00e-04,0.188,1576
8275,0.01784,0.01784,nan,1.00e-04,0.187,1580
8300,0.02053,0.02053,nan,1.00e-04,0.186,1585
8325,0.02110,0.02110,nan,1.00e-04,0.188,1590
8350,0.01918,0.01918,nan,1.00e-04,0.186,1594
8375,0.02074,0.02074,nan,1.00e-04,0.187,1599
8400,0.01911,0.01911,nan,1.00e-04,0.187,1604
8425,0.01981,0.01981,nan,1.00e-04,0.186,1608
8450,0.02072,0.02072,nan,1.00e-04,0.187,1613
8475,0.01996,0.01996,nan,1.00e-04,0.187,1618
8500,0.01958,0.01958,nan,1.00e-04,0.188,1622
8525,0.01950,0.01950,nan,1.00e-04,0.189,1627
8550,0.01971,0.01971,nan,1.00e-04,0.189,1632
8575,0.01884,0.01884,nan,1.00e-04,0.189,1637
8600,0.02039,0.02039,nan,1.00e-04,0.189,1641
8625,0.01997,0.01997,nan,1.00e-04,0.187,1646
8650,0.01953,0.01953,nan,1.00e-04,0.190,1651
8675,0.02047,0.02047,nan,1.00e-04,0.189,1655
8700,0.01872,0.01872,nan,1.00e-04,0.189,1660
8725,0.01945,0.01945,nan,1.00e-04,0.189,1665
8750,0.01921,0.01921,nan,1.00e-04,0.188,1670
8775,0.01893,0.01893,nan,1.00e-04,0.189,1674
8800,0.01962,0.01962,nan,1.00e-04,0.187,1679
8825,0.02116,0.02116,nan,1.00e-04,0.187,1684
8850,0.01939,0.01939,nan,1.00e-04,0.188,1688
8875,0.02070,0.02070,nan,1.00e-04,0.187,1693
8900,0.01833,0.01833,nan,1.00e-04,0.186,1698
8925,0.01764,0.01764,nan,1.00e-04,0.189,1702
8950,0.01826,0.01826,nan,1.00e-04,0.186,1707
8975,0.01846,0.01846,nan,1.00e-04,0.186,1712
9000,0.01904,0.01904,nan,1.00e-04,0.188,1716
9025,0.01984,0.01984,nan,1.00e-04,0.186,1721
9050,0.01917,0.01917,nan,1.00e-04,0.187,1726
9075,0.01895,0.01895,nan,1.00e-04,0.187,1730
9100,0.01939,0.01939,nan,1.00e-04,0.186,1735
9125,0.01809,0.01809,nan,1.00e-04,0.188,1740
9150,0.01933,0.01933,nan,1.00e-04,0.187,1744
9175,0.01885,0.01885,nan,1.00e-04,0.186,1749
9200,0.01840,0.01840,nan,1.00e-04,0.188,1754
9225,0.01888,0.01888,nan,1.00e-04,0.185,1758
9250,0.01715,0.01715,nan,1.00e-04,0.187,1763
9275,0.01937,0.01937,nan,1.00e-04,0.187,1768
9300,0.01937,0.01937,nan,1.00e-04,0.187,1772
9325,0.01742,0.01742,nan,1.00e-04,0.187,1777
9350,0.01886,0.01886,nan,1.00e-04,0.186,1782
9375,0.01747,0.01747,nan,1.00e-04,0.188,1786
9400,0.01828,0.01828,nan,1.00e-04,0.187,1791
9425,0.01713,0.01713,nan,1.00e-04,0.187,1796
9450,0.01750,0.01750,nan,1.00e-04,0.187,1800
9475,0.01922,0.01922,nan,1.00e-04,0.187,1805
9500,0.01800,0.01800,nan,1.00e-04,0.187,1810
9525,0.01792,0.01792,nan,1.00e-04,0.187,1815
9550,0.01722,0.01722,nan,1.00e-04,0.188,1819
9575,0.01878,0.01878,nan,1.00e-04,0.188,1824
9600,0.01790,0.01790,nan,1.00e-04,0.187,1829
9625,0.01758,0.01758,nan,1.00e-04,0.188,1833
9650,0.01889,0.01889,nan,1.00e-04,0.186,1838
9675,0.01951,0.01951,nan,1.00e-04,0.187,1843
9700,0.01727,0.01727,nan,1.00e-04,0.187,1847
9725,0.01708,0.01708,nan,1.00e-04,0.187,1852
9750,0.01667,0.01667,nan,1.00e-04,0.187,1857
9775,0.01724,0.01724,nan,1.00e-04,0.188,1861
9800,0.01655,0.01655,nan,1.00e-04,0.187,1866
9825,0.01824,0.01824,nan,1.00e-04,0.186,1871
9850,0.01694,0.01694,nan,1.00e-04,0.187,1875
9875,0.01805,0.01805,nan,1.00e-04,0.186,1880
9900,0.01702,0.01702,nan,1.00e-04,0.186,1885
9925,0.01591,0.01591,nan,1.00e-04,0.189,1889
9950,0.01606,0.01606,nan,1.00e-04,0.187,1894
9975,0.01608,0.01608,nan,1.00e-04,0.187,1899
10000,0.01597,0.01597,nan,1.00e-04,0.188,1903
10025,0.01792,0.01792,nan,1.00e-04,0.353,1912
10050,0.01856,0.01856,nan,1.00e-04,0.192,1917
10075,0.01668,0.01668,nan,1.00e-04,0.191,1922
10100,0.01792,0.01792,nan,1.00e-04,0.197,1927
10125,0.01690,0.01690,nan,1.00e-04,0.194,1932
10150,0.01672,0.01672,nan,1.00e-04,0.194,1936
10175,0.01754,0.01754,nan,1.00e-04,0.196,1941
10200,0.01879,0.01879,nan,1.00e-04,0.194,1946
10225,0.01733,0.01733,nan,1.00e-04,0.190,1951
10250,0.01620,0.01620,nan,1.00e-04,0.189,1956
10275,0.01636,0.01636,nan,1.00e-04,0.190,1960
10300,0.01847,0.01847,nan,1.00e-04,0.189,1965
10325,0.01752,0.01752,nan,1.00e-04,0.187,1970
10350,0.01589,0.01589,nan,1.00e-04,0.187,1974
10375,0.01705,0.01705,nan,1.00e-04,0.187,1979
10400,0.01788,0.01788,nan,1.00e-04,0.187,1984
10425,0.01778,0.01778,nan,1.00e-04,0.189,1989
10450,0.01712,0.01712,nan,1.00e-04,0.188,1993
10475,0.01673,0.01673,nan,1.00e-04,0.188,1998
10500,0.01669,0.01669,nan,1.00e-04,0.188,2003
10525,0.01646,0.01646,nan,1.00e-04,0.186,2007
10550,0.01556,0.01556,nan,1.00e-04,0.188,2012
10575,0.01622,0.01622,nan,1.00e-04,0.188,2017
10600,0.01761,0.01761,nan,1.00e-04,0.187,2021
10625,0.01714,0.01714,nan,1.00e-04,0.186,2026
10650,0.01775,0.01775,nan,1.00e-04,0.187,2031
10675,0.01879,0.01879,nan,1.00e-04,0.186,2035
10700,0.01733,0.01733,nan,1.00e-04,0.188,2040
10725,0.01678,0.01678,nan,1.00e-04,0.187,2045
10750,0.01601,0.01601,nan,1.00e-04,0.188,2049
10775,0.01709,0.01709,nan,1.00e-04,0.188,2054
10800,0.01539,0.01539,nan,1.00e-04,0.187,2059
10825,0.01634,0.01634,nan,1.00e-04,0.187,2063
10850,0.01722,0.01722,nan,1.00e-04,0.187,2068
10875,0.01565,0.01565,nan,1.00e-04,0.187,2073
10900,0.01722,0.01722,nan,1.00e-04,0.187,2077
10925,0.01629,0.01629,nan,1.00e-04,0.187,2082
10950,0.01546,0.01546,nan,1.00e-04,0.187,2087
10975,0.01676,0.01676,nan,1.00e-04,0.187,2092
11000,0.01827,0.01827,nan,1.00e-04,0.187,2096
11025,0.01541,0.01541,nan,1.00e-04,0.187,2101
11050,0.01532,0.01532,nan,1.00e-04,0.187,2106
11075,0.01740,0.01740,nan,1.00e-04,0.187,2110
11100,0.01655,0.01655,nan,1.00e-04,0.187,2115
11125,0.01682,0.01682,nan,1.00e-04,0.188,2120
11150,0.01555,0.01555,nan,1.00e-04,0.188,2124
11175,0.01587,0.01587,nan,1.00e-04,0.189,2129
11200,0.01511,0.01511,nan,1.00e-04,0.187,2134
11225,0.01612,0.01612,nan,1.00e-04,0.188,2138
11250,0.01631,0.01631,nan,1.00e-04,0.187,2143
11275,0.01569,0.01569,nan,1.00e-04,0.188,2148
11300,0.01720,0.01720,nan,1.00e-04,0.187,2152
11325,0.01730,0.01730,nan,1.00e-04,0.187,2157
11350,0.01607,0.01607,nan,1.00e-04,0.190,2162
11375,0.01645,0.01645,nan,1.00e-04,0.190,2167
11400,0.01543,0.01543,nan,1.00e-04,0.188,2171
11425,0.01563,0.01563,nan,1.00e-04,0.187,2176
11450,0.01642,0.01642,nan,1.00e-04,0.187,2181
11475,0.01544,0.01544,nan,1.00e-04,0.187,2185
11500,0.01671,0.01671,nan,1.00e-04,0.188,2190
11525,0.01885,0.01885,nan,1.00e-04,0.187,2195
11550,0.01648,0.01648,nan,1.00e-04,0.187,2199
11575,0.01601,0.01601,nan,1.00e-04,0.188,2204
11600,0.01579,0.01579,nan,1.00e-04,0.187,2209
11625,0.01564,0.01564,nan,1.00e-04,0.187,2213
11650,0.01625,0.01625,nan,1.00e-04,0.188,2218
11675,0.01587,0.01587,nan,1.00e-04,0.187,2223
11700,0.01589,0.01589,nan,1.00e-04,0.187,2228
11725,0.01678,0.01678,nan,1.00e-04,0.187,2232
11750,0.01561,0.01561,nan,1.00e-04,0.187,2237
11775,0.01423,0.01423,nan,1.00e-04,0.188,2242
11800,0.01506,0.01506,nan,1.00e-04,0.188,2246
11825,0.01589,0.01589,nan,1.00e-04,0.189,2251
11850,0.01538,0.01538,nan,1.00e-04,0.188,2256
11875,0.01805,0.01805,nan,1.00e-04,0.188,2260
11900,0.01488,0.01488,nan,1.00e-04,0.187,2265
11925,0.01385,0.01385,nan,1.00e-04,0.187,2270
11950,0.01700,0.01700,nan,1.00e-04,0.188,2274
11975,0.01538,0.01538,nan,1.00e-04,0.189,2279
12000,0.01490,0.01490,nan,1.00e-04,0.186,2284
12025,0.01538,0.01538,nan,1.00e-04,0.188,2289
12050,0.01607,0.01607,nan,1.00e-04,0.187,2293
12075,0.01448,0.01448,nan,1.00e-04,0.187,2298
12100,0.01477,0.01477,nan,1.00e-04,0.188,2303
12125,0.01610,0.01610,nan,1.00e-04,0.187,2307
12150,0.01471,0.01471,nan,1.00e-04,0.187,2312
12175,0.01550,0.01550,nan,1.00e-04,0.188,2317
12200,0.01585,0.01585,nan,1.00e-04,0.187,2321
12225,0.01511,0.01511,nan,1.00e-04,0.187,2326
12250,0.01464,0.01464,nan,1.00e-04,0.186,2331
12275,0.01568,0.01568,nan,1.00e-04,0.187,2335
12300,0.01473,0.01473,nan,1.00e-04,0.186,2340
12325,0.01599,0.01599,nan,1.00e-04,0.187,2345
12350,0.01521,0.01521,nan,1.00e-04,0.188,2349
12375,0.01585,0.01585,nan,1.00e-04,0.186,2354
12400,0.01455,0.01455,nan,1.00e-04,0.187,2359
12425,0.01412,0.01412,nan,1.00e-04,0.188,2363
12450,0.01686,0.01686,nan,1.00e-04,0.187,2368
12475,0.01517,0.01517,nan,1.00e-04,0.186,2373
12500,0.01566,0.01566,nan,1.00e-04,0.186,2377
12525,0.01526,0.01526,nan,1.00e-04,0.371,2387
12550,0.01481,0.01481,nan,1.00e-04,0.192,2391
12575,0.01436,0.01436,nan,1.00e-04,0.192,2396
12600,0.01438,0.01438,nan,1.00e-04,0.193,2401
12625,0.01557,0.01557,nan,1.00e-04,0.196,2406
12650,0.01707,0.01707,nan,1.00e-04,0.188,2411
12675,0.01444,0.01444,nan,1.00e-04,0.191,2415
12700,0.01533,0.01533,nan,1.00e-04,0.190,2420
12725,0.01503,0.01503,nan,1.00e-04,0.189,2425
12750,0.01473,0.01473,nan,1.00e-04,0.186,2430
12775,0.01443,0.01443,nan,1.00e-04,0.186,2434
12800,0.01605,0.01605,nan,1.00e-04,0.187,2439
12825,0.01504,0.01504,nan,1.00e-04,0.188,2444
12850,0.01480,0.01480,nan,1.00e-04,0.188,2448
12875,0.01343,0.01343,nan,1.00e-04,0.187,2453
12900,0.01442,0.01442,nan,1.00e-04,0.187,2458
12925,0.01717,0.01717,nan,1.00e-04,0.188,2462
12950,0.01463,0.01463,nan,1.00e-04,0.187,2467
12975,0.01489,0.01489,nan,1.00e-04,0.187,2472
13000,0.01501,0.01501,nan,1.00e-04,0.188,2476
13025,0.01566,0.01566,nan,1.00e-04,0.188,2481
13050,0.01543,0.01543,nan,1.00e-04,0.187,2486
13075,0.01413,0.01413,nan,1.00e-04,0.187,2490
13100,0.01419,0.01419,nan,1.00e-04,0.187,2495
13125,0.01568,0.01568,nan,1.00e-04,0.187,2500
13150,0.01438,0.01438,nan,1.00e-04,0.188,2504
13175,0.01526,0.01526,nan,1.00e-04,0.186,2509
13200,0.01678,0.01678,nan,1.00e-04,0.187,2514
13225,0.01382,0.01382,nan,1.00e-04,0.188,2518
13250,0.01438,0.01438,nan,1.00e-04,0.186,2523
13275,0.01523,0.01523,nan,1.00e-04,0.187,2528
13300,0.01431,0.01431,nan,1.00e-04,0.187,2533
13325,0.01540,0.01540,nan,1.00e-04,0.187,2537
13350,0.01588,0.01588,nan,1.00e-04,0.188,2542
13375,0.01467,0.01467,nan,1.00e-04,0.186,2547
13400,0.01478,0.01478,nan,1.00e-04,0.187,2551
13425,0.01435,0.01435,nan,1.00e-04,0.188,2556
13450,0.01420,0.01420,nan,1.00e-04,0.187,2561
13475,0.01489,0.01489,nan,1.00e-04,0.188,2565
13500,0.01352,0.01352,nan,1.00e-04,0.187,2570
13525,0.01282,0.01282,nan,1.00e-04,0.187,2575
13550,0.01365,0.01365,nan,1.00e-04,0.187,2579
13575,0.01704,0.01704,nan,1.00e-04,0.186,2584
13600,0.01381,0.01381,nan,1.00e-04,0.187,2589
13625,0.01264,0.01264,nan,1.00e-04,0.186,2593
13650,0.01367,0.01367,nan,1.00e-04,0.187,2598
13675,0.01476,0.01476,nan,1.00e-04,0.187,2603
13700,0.01427,0.01427,nan,1.00e-04,0.186,2607
13725,0.01381,0.01381,nan,1.00e-04,0.189,2612
13750,0.01511,0.01511,nan,1.00e-04,0.186,2617
13775,0.01407,0.01407,nan,1.00e-04,0.187,2621
13800,0.01440,0.01440,nan,1.00e-04,0.187,2626
13825,0.01611,0.01611,nan,1.00e-04,0.186,2631
13850,0.01509,0.01509,nan,1.00e-04,0.186,2635
13875,0.01451,0.01451,nan,1.00e-04,0.187,2640
13900,0.01414,0.01414,nan,1.00e-04,0.186,2645
13925,0.01318,0.01318,nan,1.00e-04,0.188,2649
13950,0.01451,0.01451,nan,1.00e-04,0.187,2654
13975,0.01444,0.01444,nan,1.00e-04,0.186,2659
14000,0.01580,0.01580,nan,1.00e-04,0.188,2663
14025,0.01388,0.01388,nan,1.00e-04,0.187,2668
14050,0.01353,0.01353,nan,1.00e-04,0.187,2673
14075,0.01375,0.01375,nan,1.00e-04,0.188,2677
14100,0.01476,0.01476,nan,1.00e-04,0.186,2682
14125,0.01534,0.01534,nan,1.00e-04,0.187,2687
14150,0.01309,0.01309,nan,1.00e-04,0.187,2691
14175,0.01433,0.01433,nan,1.00e-04,0.186,2696
14200,0.01256,0.01256,nan,1.00e-04,0.188,2701
14225,0.01433,0.01433,nan,1.00e-04,0.187,2705
14250,0.01391,0.01391,nan,1.00e-04,0.186,2710
14275,0.01342,0.01342,nan,1.00e-04,0.188,2715
14300,0.01326,0.01326,nan,1.00e-04,0.187,2719
14325,0.01330,0.01330,nan,1.00e-04,0.187,2724
14350,0.01587,0.01587,nan,1.00e-04,0.188,2729
14375,0.01431,0.01431,nan,1.00e-04,0.186,2734
14400,0.01319,0.01319,nan,1.00e-04,0.187,2738
14425,0.01374,0.01374,nan,1.00e-04,0.187,2743
14450,0.01377,0.01377,nan,1.00e-04,0.187,2748
14475,0.01411,0.01411,nan,1.00e-04,0.188,2752
14500,0.01319,0.01319,nan,1.00e-04,0.186,2757
14525,0.01504,0.01504,nan,1.00e-04,0.188,2762
14550,0.01398,0.01398,nan,1.00e-04,0.188,2766
14575,0.01491,0.01491,nan,1.00e-04,0.187,2771
14600,0.01306,0.01306,nan,1.00e-04,0.188,2776
14625,0.01258,0.01258,nan,1.00e-04,0.187,2780
14650,0.01318,0.01318,nan,1.00e-04,0.186,2785
14675,0.01465,0.01465,nan,1.00e-04,0.187,2790
14700,0.01335,0.01335,nan,1.00e-04,0.187,2794
14725,0.01262,0.01262,nan,1.00e-04,0.188,2799
14750,0.01501,0.01501,nan,1.00e-04,0.187,2804
14775,0.01364,0.01364,nan,1.00e-04,0.189,2808
14800,0.01217,0.01217,nan,1.00e-04,0.187,2813
14825,0.01311,0.01311,nan,1.00e-04,0.187,2818
14850,0.01373,0.01373,nan,1.00e-04,0.186,2822
14875,0.01332,0.01332,nan,1.00e-04,0.188,2827
14900,0.01346,0.01346,nan,1.00e-04,0.186,2832
14925,0.01419,0.01419,nan,1.00e-04,0.187,2836
14950,0.01473,0.01473,nan,1.00e-04,0.187,2841
14975,0.01309,0.01309,nan,1.00e-04,0.186,2846
15000,0.01221,0.01221,nan,1.00e-04,0.186,2850
